timestamp,TAC,skin_temp,motion
2026-07-01T12:00:00,0.2007,32,0.13
2026-07-01T12:01:00,0.2261,32,0.1162
2026-07-01T12:02:00,0.2283,32,0.0875
2026-07-01T12:03:00,0.2055,32,0.0703
2026-07-01T12:04:00,0.1789,32,0.0804
2026-07-01T12:05:00,0.1732,32,0.1085
2026-07-01T12:06:00,0.1941,32,0.1288
2026-07-01T12:07:00,0.2228,32,0.1226
2026-07-01T12:08:00,0.2335,32,0.0956
2026-07-01T12:09:00,0.217,32,0.0727
2026-07-01T12:10:00,0.1894,32,0.0748
2026-07-01T12:11:00,0.177,32,0.1001
2026-07-01T12:12:00,0.1924,32,0.1253
2026-07-01T12:13:00,0.223,32,0.1272
2026-07-01T12:14:00,0.2423,32,0.1041
2026-07-01T12:15:00,0.2348,26,0.0772
2026-07-01T12:16:00,0.2099,26,0.0713
2026-07-01T12:17:00,0.1935,26,0.0917
2026-07-01T12:18:00,0.2043,26,0.1198
2026-07-01T12:19:00,0.2368,26,0.1297
2026-07-01T12:20:00,0.266,26,0.1122
2026-07-01T12:21:00,0.2712,26,0.0836
2026-07-01T12:22:00,0.2546,26,0.07
2026-07-01T12:23:00,0.2398,32,0.084
2026-07-01T12:24:00,0.2501,32,0.1127
2026-07-01T12:25:00,0.2874,32,0.1297
2026-07-01T12:26:00,0.3305,32,0.1194
2026-07-01T12:27:00,0.3553,32,0.0912
2026-07-01T12:28:00,0.3566,32,0.0711
2026-07-01T12:29:00,0.3538,32,0.0776
2026-07-01T12:30:00,0.373,32,0.1046
2026-07-01T12:31:00,0.4238,32,0.1274
2026-07-01T12:32:00,0.4904,32,0.125
2026-07-01T12:33:00,0.5471,32,0.0996
2026-07-01T12:34:00,0.5822,32,0.0745
2026-07-01T12:35:00,0.6092,32,0.0729
2026-07-01T12:36:00,0.6552,32,0.0962
2026-07-01T12:37:00,0.7366,32,0.123
2026-07-01T12:38:00,0.8445,32,0.1287
2026-07-01T12:39:00,0.9537,32,0.108
2026-07-01T12:40:00,1.0468,32,0.08
2026-07-01T12:41:00,1.1307,32,0.0704
2026-07-01T12:42:00,1.2311,32,0.088
2026-07-01T12:43:00,1.37,32,0.1167
2026-07-01T12:44:00,1.546,32,0.13
2026-07-01T12:55:00,4.3622,32,0.1007
2026-07-01T12:56:00,4.7623,32,0.1256
2026-07-01T12:57:00,5.1994,32,0.127
2026-07-01T12:58:00,5.6472,32,0.1036
2026-07-01T12:59:00,6.0898,32,0.0769
2026-07-01T13:00:00,6.5365,32,0.0714
2026-07-01T13:01:00,7.0127,32,0.0923
2026-07-01T13:02:00,7.5354,32,0.1202
2026-07-01T13:03:00,8.0973,32,0.1296
2026-07-01T13:04:00,8.6719,32,0.1118
2026-07-01T13:05:00,9.2366,26,0.0831
2026-07-01T13:06:00,9.7922,26,0.07
2026-07-01T13:07:00,10.3601,26,0.0845
2026-07-01T13:08:00,10.9605,26,0.1132
2026-07-01T13:09:00,11.5922,32,0.1298
2026-07-01T13:10:00,12.2307,32,0.119
2026-07-01T13:11:00,12.8484,32,0.0907
2026-07-01T13:12:00,13.4373,32,0.071
2026-07-01T13:13:00,14.0134,32,0.0779
2026-07-01T13:14:00,14.5989,32,0.1052
2026-07-01T13:15:00,15.1988,32,0.1277
2026-07-01T13:16:00,15.793,32,0.1247
2026-07-01T13:17:00,16.3518,32,0.0991
2026-07-01T13:18:00,16.8596,32,0.0743
2026-07-01T13:19:00,17.3263,32,0.0731
2026-07-01T13:20:00,17.7752,32,0.0967
2026-07-01T13:21:00,18.2179,32,0.1233
2026-07-01T13:22:00,18.6416,32,0.1285
2026-07-01T13:23:00,19.0173,32,0.1075
2026-07-01T13:24:00,19.3244,32,0.0796
2026-07-01T13:25:00,19.567,32,0.0705
2026-07-01T13:26:00,19.7683,32,0.0885
2026-07-01T13:27:00,19.9471,32,0.1171
2026-07-01T13:28:00,20.0993,32,0.13
2026-07-01T13:29:00,20.2003,32,0.1153
2026-07-01T13:30:00,20.2268,32,0.0866
2026-07-01T13:31:00,20.1777,32,0.0702
2026-07-01T13:32:00,20.0748,32,0.0812
2026-07-01T13:33:00,19.9433,32,0.1095
2026-07-01T13:34:00,19.7886,32,0.1291
2026-07-01T13:35:00,19.5928,32,0.1219
2026-07-01T13:36:00,19.3319,32,0.0946
2026-07-01T13:37:00,18.9996,32,0.0722
2026-07-01T13:38:00,18.615,32,0.0754
2026-07-01T13:39:00,18.2069,32,0.1012
2026-07-01T13:40:00,17.7898,32,0.1259
2026-07-01T13:41:00,17.3532,32,0.1268
2026-07-01T13:42:00,16.874,32,0.103
2026-07-01T13:43:00,16.3405,32,0.0765
2026-07-01T13:44:00,15.7664,32,0.0716
2026-07-01T13:45:00,15.1813,32,0.0928
2026-07-01T13:46:00,14.6066,32,0.1206
2026-07-01T13:47:00,14.0393,32,0.1295
2026-07-01T13:48:00,13.4575,32,0.1113
2026-07-01T13:49:00,12.8444,32,0.0827
2026-07-01T13:50:00,72.2061,32,0.07
2026-07-01T13:51:00,11.5697,32,0.0849
2026-07-01T13:52:00,10.9608,32,0.1137
2026-07-01T13:53:00,10.3828,32,0.1299
2026-07-01T13:54:00,9.8166,32,0.1186
2026-07-01T13:55:00,9.2402,32,0.0902
2026-07-01T13:56:00,8.6514,32,0.0709
2026-07-01T13:57:00,8.0716,32,0.0783
2026-07-01T13:58:00,7.5281,32,0.1057
2026-07-01T13:59:00,7.0305,32,0.1279
2026-07-01T14:00:00,6.5631,32,0.1244
2026-07-01T14:01:00,6.1006,32,0.0985
2026-07-01T14:02:00,5.6323,32,0.074
2026-07-01T14:03:00,5.1725,32,0.0734
2026-07-01T14:04:00,4.748,32,0.0972
2026-07-01T14:05:00,4.3737,32,0.1236
2026-07-01T14:06:00,35,32,0.1283
2026-07-01T14:07:00,35,32,0.107
2026-07-01T14:08:00,35,32,0.0792
2026-07-01T14:09:00,35,32,0.0706
2026-07-01T14:10:00,35,32,0.089
2026-07-01T14:11:00,35,32,0.1175
2026-07-01T14:12:00,35,32,0.13
2026-07-01T14:13:00,35,32,0.1148
2026-07-01T14:14:00,35,32,0.0861
2026-07-01T14:15:00,1.7137,32,0.0701
2026-07-01T14:16:00,1.5218,32,0.0816
2026-07-01T14:17:00,1.3667,32,0.11
2026-07-01T14:18:00,1.2518,32,0.1292
2026-07-01T14:19:00,1.1563,32,0.1215
2026-07-01T14:20:00,1.0539,32,0.0941
2026-07-01T14:21:00,0.9357,32,0.072
2026-07-01T14:22:00,0.8179,32,0.0757
2026-07-01T14:23:00,0.7259,32,0.1017
2026-07-01T14:24:00,0.6702,32,0.1261
2026-07-01T14:25:00,0.6361,32,0.1265
2026-07-01T14:26:00,0.5962,32,0.1025
2026-07-01T14:27:00,0.5354,32,0.0762
2026-07-01T14:28:00,0.4637,32,0.0718
2026-07-01T14:29:00,0.4067,32,0.0933
2026-07-01T14:30:00,0.3812,32,0.121
2026-07-01T14:31:00,0.3798,32,0.1294
2026-07-01T14:32:00,0.3765,32,0.1108
2026-07-01T14:33:00,0.3508,32,0.0823
2026-07-01T14:34:00,0.3058,32,0.0701
2026-07-01T14:35:00,0.2651,32,0.0854
2026-07-01T14:36:00,0.2508,32,0.1141
2026-07-01T14:37:00,0.2628,32,0.1299
2026-07-01T14:38:00,0.2788,32,0.1182
2026-07-01T14:39:00,0.2743,32,0.0897
2026-07-01T14:40:00,0.2452,32,0.0707
2026-07-01T14:41:00,0.2112,32,0.0786
2026-07-01T14:42:00,0.1975,32,0.1062
2026-07-01T14:43:00,0.2117,32,0.128
2026-07-01T14:44:00,0.2364,32,0.1241
2026-07-01T14:45:00,0.2452,32,0.098
2026-07-01T14:46:00,0.2271,32,0.0737
2026-07-01T14:47:00,0.1961,32,0.0736
2026-07-01T14:48:00,0.1786,32,0.0977
2026-07-01T14:49:00,0.1889,32,0.124
2026-07-01T14:50:00,0.2161,32,0.1281
2026-07-01T14:51:00,0.2339,32,0.1065
2026-07-01T14:52:00,0.225,32,0.0788
2026-07-01T14:53:00,0.1967,32,0.0707
2026-07-01T14:54:00,0.1744,32,0.0895
2026-07-01T14:55:00,0.178,32,0.118
2026-07-01T14:56:00,0.2037,32,0.1299
2026-07-01T14:57:00,0.2276,32,0.1144
2026-07-01T14:58:00,0.2274,32,0.0856
2026-07-01T14:59:00,0.2029,32,0.0701
